url,label
https://accounts.google.com,0
http://secure-paypal-verify-login.com,1
https://github.com/explore,0
http://update-netflix-billing-info.org,1
https://wikipedia.org,0
http://amazon-account-security-alert.net,1
https://microsoft.com/en-us,0
http://verify-bankofamerica-login.com,1
https://apple.com,0
http://appleid-verify-account-security.com,1
https://stackoverflow.com/questions,0
http://chase-bank-online-banking-update.org,1
https://linkedin.com/feed,0
http://facebook-login-security-check.com,1
https://yahoo.com,0
http://paypal-account-revalidation-notice.net,1
https://reddit.com/r/technology,0
http://wellsfargo-update-account-alert.com,1
https://amazon.com/dp/B08N5WRWNW,0
http://ebay-member-security-verify.org,1
